{
    "labels": [
      0
    ],
    "num_labels": 1,
    "data": [
      {
        "x": 4.201106548309326,
        "y": 12.53742504119873,
        "z": 6.358237266540527,
        "label": 0,
        "img_name": "your/image/path.jpg"
      },
      {
        "x": 6.17876672744751,
        "y": 11.639657020568848,
        "z": 2.4987616539001465,
        "label": 0,
        "img_name": "your/image1/path.jpg"
      }
    ]
}